[  {    "type": "post",    "url": "/companies",    "title": "Create company",    "name": "CreateCompany",    "group": "Companies",    "permission": [      {        "name": "admin",        "title": "Admin access only",        "description": "<p>You must pass <code>access_token</code> parameter or a Bearer Token authorization header to access this endpoint.</p>"      }    ],    "success": {      "fields": {        "Success 200": [          {            "group": "Success 200",            "type": "Object",            "optional": false,            "field": "company",            "description": "<p>Company's data.</p>"          }        ]      }    },    "error": {      "fields": {        "Error 4xx": [          {            "group": "Error 4xx",            "type": "Object",            "optional": false,            "field": "400",            "description": "<p>Some parameters may contain invalid values.</p>"          },          {            "group": "Error 4xx",            "optional": false,            "field": "404",            "description": "<p>Company not found.</p>"          },          {            "group": "Error 4xx",            "optional": false,            "field": "401",            "description": "<p>admin access only.</p>"          }        ]      }    },    "version": "0.0.0",    "filename": "src/api/company/index.js",    "groupTitle": "Companies"  },  {    "type": "delete",    "url": "/companies",    "title": "Delete company",    "name": "DeleteCompany",    "group": "Companies",    "permission": [      {        "name": "admin",        "title": "Admin access only",        "description": "<p>You must pass <code>access_token</code> parameter or a Bearer Token authorization header to access this endpoint.</p>"      }    ],    "parameter": {      "fields": {        "Parameter": [          {            "group": "Parameter",            "type": "String",            "optional": false,            "field": "company",            "description": "<p>company's id.</p>"          },          {            "group": "Parameter",            "type": "String",            "optional": false,            "field": "access_token",            "description": "<p>admin access token.</p>"          },          {            "group": "Parameter",            "type": "String",            "optional": false,            "field": "name",            "description": "<p>Company's name.</p>"          }        ]      }    },    "success": {      "fields": {        "Success 200": [          {            "group": "Success 200",            "type": "Object",            "optional": false,            "field": "company",            "description": "<p>Company's data.</p>"          }        ]      }    },    "error": {      "fields": {        "Error 4xx": [          {            "group": "Error 4xx",            "type": "Object",            "optional": false,            "field": "400",            "description": "<p>Some parameters may contain invalid values.</p>"          },          {            "group": "Error 4xx",            "optional": false,            "field": "404",            "description": "<p>Company not found.</p>"          },          {            "group": "Error 4xx",            "optional": false,            "field": "401",            "description": "<p>admin access only.</p>"          }        ]      }    },    "version": "0.0.0",    "filename": "src/api/company/index.js",    "groupTitle": "Companies"  },  {    "type": "put",    "url": "/companies",    "title": "Update company",    "name": "UpdateCompany",    "group": "Companies",    "permission": [      {        "name": "admin",        "title": "Admin access only",        "description": "<p>You must pass <code>access_token</code> parameter or a Bearer Token authorization header to access this endpoint.</p>"      }    ],    "success": {      "fields": {        "Success 200": [          {            "group": "Success 200",            "type": "Object",            "optional": false,            "field": "company",            "description": "<p>Company's data.</p>"          }        ]      }    },    "error": {      "fields": {        "Error 4xx": [          {            "group": "Error 4xx",            "type": "Object",            "optional": false,            "field": "400",            "description": "<p>Some parameters may contain invalid values.</p>"          },          {            "group": "Error 4xx",            "optional": false,            "field": "404",            "description": "<p>Company not found.</p>"          },          {            "group": "Error 4xx",            "optional": false,            "field": "401",            "description": "<p>admin access only.</p>"          }        ]      }    },    "version": "0.0.0",    "filename": "src/api/company/index.js",    "groupTitle": "Companies"  },  {    "type": "get",    "url": "/duels",    "title": "List Duels",    "name": "ListDuels",    "group": "Duels",    "success": {      "fields": {        "Success 200": [          {            "group": "Success 200",            "type": "Object",            "optional": false,            "field": "JOB",            "description": "<p>Job's data.</p>"          }        ]      }    },    "error": {      "fields": {        "Error 4xx": [          {            "group": "Error 4xx",            "type": "Object",            "optional": false,            "field": "400",            "description": "<p>Some parameters may contain invalid values.</p>"          },          {            "group": "Error 4xx",            "optional": false,            "field": "404",            "description": "<p>Job not found.</p>"          },          {            "group": "Error 4xx",            "optional": false,            "field": "401",            "description": "<p>admin access only.</p>"          }        ]      }    },    "version": "0.0.0",    "filename": "src/api/duel/index.js",    "groupTitle": "Duels"  },  {    "type": "post",    "url": "/jobs",    "title": "Create JOB",    "name": "CreateJob",    "group": "Jobs",    "permission": [      {        "name": "admin",        "title": "Admin access only",        "description": "<p>You must pass <code>access_token</code> parameter or a Bearer Token authorization header to access this endpoint.</p>"      }    ],    "success": {      "fields": {        "Success 200": [          {            "group": "Success 200",            "type": "Object",            "optional": false,            "field": "JOB",            "description": "<p>Job's data.</p>"          }        ]      }    },    "error": {      "fields": {        "Error 4xx": [          {            "group": "Error 4xx",            "type": "Object",            "optional": false,            "field": "400",            "description": "<p>Some parameters may contain invalid values.</p>"          },          {            "group": "Error 4xx",            "optional": false,            "field": "404",            "description": "<p>Job not found.</p>"          },          {            "group": "Error 4xx",            "optional": false,            "field": "401",            "description": "<p>admin access only.</p>"          }        ]      }    },    "version": "0.0.0",    "filename": "src/api/job/index.js",    "groupTitle": "Jobs"  },  {    "type": "delete",    "url": "/jobs",    "title": "Delete JOB",    "name": "DeleteJob",    "group": "Jobs",    "permission": [      {        "name": "admin",        "title": "Admin access only",        "description": "<p>You must pass <code>access_token</code> parameter or a Bearer Token authorization header to access this endpoint.</p>"      }    ],    "parameter": {      "fields": {        "Parameter": [          {            "group": "Parameter",            "type": "String",            "optional": false,            "field": "JOB",            "description": "<p>JOB's id.</p>"          },          {            "group": "Parameter",            "type": "String",            "optional": false,            "field": "access_token",            "description": "<p>admin access token.</p>"          },          {            "group": "Parameter",            "type": "String",            "optional": false,            "field": "name",            "description": "<p>Job's name.</p>"          }        ]      }    },    "success": {      "fields": {        "Success 200": [          {            "group": "Success 200",            "type": "Object",            "optional": false,            "field": "JOB",            "description": "<p>Job's data.</p>"          }        ]      }    },    "error": {      "fields": {        "Error 4xx": [          {            "group": "Error 4xx",            "type": "Object",            "optional": false,            "field": "400",            "description": "<p>Some parameters may contain invalid values.</p>"          },          {            "group": "Error 4xx",            "optional": false,            "field": "404",            "description": "<p>Job not found.</p>"          },          {            "group": "Error 4xx",            "optional": false,            "field": "401",            "description": "<p>admin access only.</p>"          }        ]      }    },    "version": "0.0.0",    "filename": "src/api/job/index.js",    "groupTitle": "Jobs"  },  {    "type": "get",    "url": "/jobs/:id",    "title": "Get Job by Id",    "name": "GetById",    "group": "Jobs",    "parameter": {      "fields": {        "Parameter": [          {            "group": "Parameter",            "type": "String",            "optional": false,            "field": "id",            "description": "<p>Job's id.</p>"          }        ]      }    },    "success": {      "fields": {        "Success 200": [          {            "group": "Success 200",            "type": "Object",            "optional": false,            "field": "JOB",            "description": "<p>Job's data.</p>"          }        ]      }    },    "error": {      "fields": {        "Error 4xx": [          {            "group": "Error 4xx",            "type": "Object",            "optional": false,            "field": "400",            "description": "<p>Some parameters may contain invalid values.</p>"          },          {            "group": "Error 4xx",            "optional": false,            "field": "404",            "description": "<p>Job not found.</p>"          },          {            "group": "Error 4xx",            "optional": false,            "field": "401",            "description": "<p>admin access only.</p>"          }        ]      }    },    "version": "0.0.0",    "filename": "src/api/job/index.js",    "groupTitle": "Jobs"  },  {    "type": "get",    "url": "/jobs",    "title": "List Jobs",    "name": "ListJobs",    "group": "Jobs",    "success": {      "fields": {        "Success 200": [          {            "group": "Success 200",            "type": "Object",            "optional": false,            "field": "JOB",            "description": "<p>Job's data.</p>"          }        ]      }    },    "error": {      "fields": {        "Error 4xx": [          {            "group": "Error 4xx",            "type": "Object",            "optional": false,            "field": "400",            "description": "<p>Some parameters may contain invalid values.</p>"          },          {            "group": "Error 4xx",            "optional": false,            "field": "404",            "description": "<p>Job not found.</p>"          },          {            "group": "Error 4xx",            "optional": false,            "field": "401",            "description": "<p>admin access only.</p>"          }        ]      }    },    "version": "0.0.0",    "filename": "src/api/job/index.js",    "groupTitle": "Jobs"  },  {    "type": "put",    "url": "/jobs",    "title": "Update JOB",    "name": "UpdateJob",    "group": "Jobs",    "permission": [      {        "name": "admin",        "title": "Admin access only",        "description": "<p>You must pass <code>access_token</code> parameter or a Bearer Token authorization header to access this endpoint.</p>"      }    ],    "success": {      "fields": {        "Success 200": [          {            "group": "Success 200",            "type": "Object",            "optional": false,            "field": "JOB",            "description": "<p>Job's data.</p>"          }        ]      }    },    "error": {      "fields": {        "Error 4xx": [          {            "group": "Error 4xx",            "type": "Object",            "optional": false,            "field": "400",            "description": "<p>Some parameters may contain invalid values.</p>"          },          {            "group": "Error 4xx",            "optional": false,            "field": "404",            "description": "<p>Job not found.</p>"          },          {            "group": "Error 4xx",            "optional": false,            "field": "401",            "description": "<p>admin access only.</p>"          }        ]      }    },    "version": "0.0.0",    "filename": "src/api/job/index.js",    "groupTitle": "Jobs"  },  {    "type": "post",    "url": "/modules",    "title": "Create module",    "name": "CreateModule",    "group": "Modules",    "permission": [      {        "name": "admin",        "title": "Admin access only",        "description": "<p>You must pass <code>access_token</code> parameter or a Bearer Token authorization header to access this endpoint.</p>"      }    ],    "success": {      "fields": {        "Success 200": [          {            "group": "Success 200",            "type": "Object",            "optional": false,            "field": "module",            "description": "<p>Module's data.</p>"          }        ]      }    },    "error": {      "fields": {        "Error 4xx": [          {            "group": "Error 4xx",            "type": "Object",            "optional": false,            "field": "400",            "description": "<p>Some parameters may contain invalid values.</p>"          },          {            "group": "Error 4xx",            "optional": false,            "field": "404",            "description": "<p>Module not found.</p>"          },          {            "group": "Error 4xx",            "optional": false,            "field": "401",            "description": "<p>admin access only.</p>"          }        ]      }    },    "version": "0.0.0",    "filename": "src/api/module/index.js",    "groupTitle": "Modules"  },  {    "type": "delete",    "url": "/modules",    "title": "Delete module",    "name": "DeleteModule",    "group": "Modules",    "permission": [      {        "name": "admin",        "title": "Admin access only",        "description": "<p>You must pass <code>access_token</code> parameter or a Bearer Token authorization header to access this endpoint.</p>"      }    ],    "parameter": {      "fields": {        "Parameter": [          {            "group": "Parameter",            "type": "String",            "optional": false,            "field": "module",            "description": "<p>module's id.</p>"          },          {            "group": "Parameter",            "type": "String",            "optional": false,            "field": "access_token",            "description": "<p>admin access token.</p>"          },          {            "group": "Parameter",            "type": "String",            "optional": false,            "field": "name",            "description": "<p>Module's name.</p>"          }        ]      }    },    "success": {      "fields": {        "Success 200": [          {            "group": "Success 200",            "type": "Object",            "optional": false,            "field": "module",            "description": "<p>Module's data.</p>"          }        ]      }    },    "error": {      "fields": {        "Error 4xx": [          {            "group": "Error 4xx",            "type": "Object",            "optional": false,            "field": "400",            "description": "<p>Some parameters may contain invalid values.</p>"          },          {            "group": "Error 4xx",            "optional": false,            "field": "404",            "description": "<p>Module not found.</p>"          },          {            "group": "Error 4xx",            "optional": false,            "field": "401",            "description": "<p>admin access only.</p>"          }        ]      }    },    "version": "0.0.0",    "filename": "src/api/module/index.js",    "groupTitle": "Modules"  },  {    "type": "get",    "url": "/modules/:id",    "title": "Get Module by Id",    "name": "GetById",    "group": "Modules",    "parameter": {      "fields": {        "Parameter": [          {            "group": "Parameter",            "type": "String",            "optional": false,            "field": "id",            "description": "<p>Module's id.</p>"          }        ]      }    },    "success": {      "fields": {        "Success 200": [          {            "group": "Success 200",            "type": "Object",            "optional": false,            "field": "module",            "description": "<p>Module's data.</p>"          }        ]      }    },    "error": {      "fields": {        "Error 4xx": [          {            "group": "Error 4xx",            "type": "Object",            "optional": false,            "field": "400",            "description": "<p>Some parameters may contain invalid values.</p>"          },          {            "group": "Error 4xx",            "optional": false,            "field": "404",            "description": "<p>Module not found.</p>"          },          {            "group": "Error 4xx",            "optional": false,            "field": "401",            "description": "<p>admin access only.</p>"          }        ]      }    },    "version": "0.0.0",    "filename": "src/api/module/index.js",    "groupTitle": "Modules"  },  {    "type": "get",    "url": "/modules",    "title": "List Modules",    "name": "ListModules",    "group": "Modules",    "success": {      "fields": {        "Success 200": [          {            "group": "Success 200",            "type": "Object",            "optional": false,            "field": "module",            "description": "<p>Module's data.</p>"          }        ]      }    },    "error": {      "fields": {        "Error 4xx": [          {            "group": "Error 4xx",            "type": "Object",            "optional": false,            "field": "400",            "description": "<p>Some parameters may contain invalid values.</p>"          },          {            "group": "Error 4xx",            "optional": false,            "field": "404",            "description": "<p>Module not found.</p>"          },          {            "group": "Error 4xx",            "optional": false,            "field": "401",            "description": "<p>admin access only.</p>"          }        ]      }    },    "version": "0.0.0",    "filename": "src/api/module/index.js",    "groupTitle": "Modules"  },  {    "type": "put",    "url": "/modules",    "title": "Update module",    "name": "UpdateModule",    "group": "Modules",    "permission": [      {        "name": "admin",        "title": "Admin access only",        "description": "<p>You must pass <code>access_token</code> parameter or a Bearer Token authorization header to access this endpoint.</p>"      }    ],    "success": {      "fields": {        "Success 200": [          {            "group": "Success 200",            "type": "Object",            "optional": false,            "field": "module",            "description": "<p>Module's data.</p>"          }        ]      }    },    "error": {      "fields": {        "Error 4xx": [          {            "group": "Error 4xx",            "type": "Object",            "optional": false,            "field": "400",            "description": "<p>Some parameters may contain invalid values.</p>"          },          {            "group": "Error 4xx",            "optional": false,            "field": "404",            "description": "<p>Module not found.</p>"          },          {            "group": "Error 4xx",            "optional": false,            "field": "401",            "description": "<p>admin access only.</p>"          }        ]      }    },    "version": "0.0.0",    "filename": "src/api/module/index.js",    "groupTitle": "Modules"  },  {    "type": "post",    "url": "/questions",    "title": "Create question",    "name": "CreateQuestion",    "group": "Questions",    "permission": [      {        "name": "admin",        "title": "Admin access only",        "description": "<p>You must pass <code>access_token</code> parameter or a Bearer Token authorization header to access this endpoint.</p>"      }    ],    "success": {      "fields": {        "Success 200": [          {            "group": "Success 200",            "type": "Object",            "optional": false,            "field": "question",            "description": "<p>Question's data.</p>"          }        ]      }    },    "error": {      "fields": {        "Error 4xx": [          {            "group": "Error 4xx",            "type": "Object",            "optional": false,            "field": "400",            "description": "<p>Some parameters may contain invalid values.</p>"          },          {            "group": "Error 4xx",            "optional": false,            "field": "404",            "description": "<p>Question not found.</p>"          },          {            "group": "Error 4xx",            "optional": false,            "field": "401",            "description": "<p>admin access only.</p>"          }        ]      }    },    "version": "0.0.0",    "filename": "src/api/question/index.js",    "groupTitle": "Questions"  },  {    "type": "post",    "url": "/questions",    "title": "Create question",    "name": "CreateQuestion",    "group": "Questions",    "permission": [      {        "name": "admin",        "title": "Admin access only",        "description": "<p>You must pass <code>access_token</code> parameter or a Bearer Token authorization header to access this endpoint.</p>"      }    ],    "success": {      "fields": {        "Success 200": [          {            "group": "Success 200",            "type": "Object",            "optional": false,            "field": "question",            "description": "<p>Question's data.</p>"          }        ]      }    },    "error": {      "fields": {        "Error 4xx": [          {            "group": "Error 4xx",            "type": "Object",            "optional": false,            "field": "400",            "description": "<p>Some parameters may contain invalid values.</p>"          },          {            "group": "Error 4xx",            "optional": false,            "field": "404",            "description": "<p>Question not found.</p>"          },          {            "group": "Error 4xx",            "optional": false,            "field": "401",            "description": "<p>admin access only.</p>"          }        ]      }    },    "version": "0.0.0",    "filename": "src/api/question/index.js",    "groupTitle": "Questions"  },  {    "type": "delete",    "url": "/questions",    "title": "Delete question",    "name": "DeleteQuestion",    "group": "Questions",    "permission": [      {        "name": "admin",        "title": "Admin access only",        "description": "<p>You must pass <code>access_token</code> parameter or a Bearer Token authorization header to access this endpoint.</p>"      }    ],    "parameter": {      "fields": {        "Parameter": [          {            "group": "Parameter",            "type": "String",            "optional": false,            "field": "question",            "description": "<p>question's id.</p>"          },          {            "group": "Parameter",            "type": "String",            "optional": false,            "field": "access_token",            "description": "<p>admin access token.</p>"          },          {            "group": "Parameter",            "type": "String",            "optional": false,            "field": "name",            "description": "<p>Question's name.</p>"          }        ]      }    },    "success": {      "fields": {        "Success 200": [          {            "group": "Success 200",            "type": "Object",            "optional": false,            "field": "question",            "description": "<p>Question's data.</p>"          }        ]      }    },    "error": {      "fields": {        "Error 4xx": [          {            "group": "Error 4xx",            "type": "Object",            "optional": false,            "field": "400",            "description": "<p>Some parameters may contain invalid values.</p>"          },          {            "group": "Error 4xx",            "optional": false,            "field": "404",            "description": "<p>Question not found.</p>"          },          {            "group": "Error 4xx",            "optional": false,            "field": "401",            "description": "<p>admin access only.</p>"          }        ]      }    },    "version": "0.0.0",    "filename": "src/api/question/index.js",    "groupTitle": "Questions"  },  {    "type": "get",    "url": "/questions/:id",    "title": "Get Question by Id",    "name": "GetById",    "group": "Questions",    "parameter": {      "fields": {        "Parameter": [          {            "group": "Parameter",            "type": "String",            "optional": false,            "field": "id",            "description": "<p>Question's id.</p>"          }        ]      }    },    "success": {      "fields": {        "Success 200": [          {            "group": "Success 200",            "type": "Object",            "optional": false,            "field": "question",            "description": "<p>Question's data.</p>"          }        ]      }    },    "error": {      "fields": {        "Error 4xx": [          {            "group": "Error 4xx",            "type": "Object",            "optional": false,            "field": "400",            "description": "<p>Some parameters may contain invalid values.</p>"          },          {            "group": "Error 4xx",            "optional": false,            "field": "404",            "description": "<p>Question not found.</p>"          },          {            "group": "Error 4xx",            "optional": false,            "field": "401",            "description": "<p>admin access only.</p>"          }        ]      }    },    "version": "0.0.0",    "filename": "src/api/question/index.js",    "groupTitle": "Questions"  },  {    "type": "put",    "url": "/questions",    "title": "Update question",    "name": "UpdateQuestion",    "group": "Questions",    "permission": [      {        "name": "admin",        "title": "Admin access only",        "description": "<p>You must pass <code>access_token</code> parameter or a Bearer Token authorization header to access this endpoint.</p>"      }    ],    "success": {      "fields": {        "Success 200": [          {            "group": "Success 200",            "type": "Object",            "optional": false,            "field": "question",            "description": "<p>Question's data.</p>"          }        ]      }    },    "error": {      "fields": {        "Error 4xx": [          {            "group": "Error 4xx",            "type": "Object",            "optional": false,            "field": "400",            "description": "<p>Some parameters may contain invalid values.</p>"          },          {            "group": "Error 4xx",            "optional": false,            "field": "404",            "description": "<p>Question not found.</p>"          },          {            "group": "Error 4xx",            "optional": false,            "field": "401",            "description": "<p>admin access only.</p>"          }        ]      }    },    "version": "0.0.0",    "filename": "src/api/question/index.js",    "groupTitle": "Questions"  },  {    "type": "post",    "url": "/skills",    "title": "Create skill",    "name": "CreateSkill",    "group": "Skills",    "permission": [      {        "name": "admin",        "title": "Admin access only",        "description": "<p>You must pass <code>access_token</code> parameter or a Bearer Token authorization header to access this endpoint.</p>"      }    ],    "success": {      "fields": {        "Success 200": [          {            "group": "Success 200",            "type": "Object",            "optional": false,            "field": "skill",            "description": "<p>Skill's data.</p>"          }        ]      }    },    "error": {      "fields": {        "Error 4xx": [          {            "group": "Error 4xx",            "type": "Object",            "optional": false,            "field": "400",            "description": "<p>Some parameters may contain invalid values.</p>"          },          {            "group": "Error 4xx",            "optional": false,            "field": "404",            "description": "<p>Skill not found.</p>"          },          {            "group": "Error 4xx",            "optional": false,            "field": "401",            "description": "<p>admin access only.</p>"          }        ]      }    },    "version": "0.0.0",    "filename": "src/api/skill/index.js",    "groupTitle": "Skills"  },  {    "type": "delete",    "url": "/skills",    "title": "Delete skill",    "name": "DeleteSkill",    "group": "Skills",    "permission": [      {        "name": "admin",        "title": "Admin access only",        "description": "<p>You must pass <code>access_token</code> parameter or a Bearer Token authorization header to access this endpoint.</p>"      }    ],    "parameter": {      "fields": {        "Parameter": [          {            "group": "Parameter",            "type": "String",            "optional": false,            "field": "skill",            "description": "<p>skill's id.</p>"          },          {            "group": "Parameter",            "type": "String",            "optional": false,            "field": "access_token",            "description": "<p>admin access token.</p>"          },          {            "group": "Parameter",            "type": "String",            "optional": false,            "field": "name",            "description": "<p>Skill's name.</p>"          }        ]      }    },    "success": {      "fields": {        "Success 200": [          {            "group": "Success 200",            "type": "Object",            "optional": false,            "field": "skill",            "description": "<p>Skill's data.</p>"          }        ]      }    },    "error": {      "fields": {        "Error 4xx": [          {            "group": "Error 4xx",            "type": "Object",            "optional": false,            "field": "400",            "description": "<p>Some parameters may contain invalid values.</p>"          },          {            "group": "Error 4xx",            "optional": false,            "field": "404",            "description": "<p>Skill not found.</p>"          },          {            "group": "Error 4xx",            "optional": false,            "field": "401",            "description": "<p>admin access only.</p>"          }        ]      }    },    "version": "0.0.0",    "filename": "src/api/skill/index.js",    "groupTitle": "Skills"  },  {    "type": "get",    "url": "/companies/:id",    "title": "Get Skill by Id",    "name": "GetById",    "group": "Skills",    "parameter": {      "fields": {        "Parameter": [          {            "group": "Parameter",            "type": "String",            "optional": false,            "field": "id",            "description": "<p>Skill's id.</p>"          }        ]      }    },    "success": {      "fields": {        "Success 200": [          {            "group": "Success 200",            "type": "Object",            "optional": false,            "field": "company",            "description": "<p>Skill's data.</p>"          }        ]      }    },    "error": {      "fields": {        "Error 4xx": [          {            "group": "Error 4xx",            "type": "Object",            "optional": false,            "field": "400",            "description": "<p>Some parameters may contain invalid values.</p>"          },          {            "group": "Error 4xx",            "optional": false,            "field": "404",            "description": "<p>Skill not found.</p>"          },          {            "group": "Error 4xx",            "optional": false,            "field": "401",            "description": "<p>admin access only.</p>"          }        ]      }    },    "version": "0.0.0",    "filename": "src/api/company/index.js",    "groupTitle": "Skills"  },  {    "type": "get",    "url": "/skills/:id",    "title": "Get Skill by Id",    "name": "GetById",    "group": "Skills",    "parameter": {      "fields": {        "Parameter": [          {            "group": "Parameter",            "type": "String",            "optional": false,            "field": "id",            "description": "<p>Skill's id.</p>"          }        ]      }    },    "success": {      "fields": {        "Success 200": [          {            "group": "Success 200",            "type": "Object",            "optional": false,            "field": "skill",            "description": "<p>Skill's data.</p>"          }        ]      }    },    "error": {      "fields": {        "Error 4xx": [          {            "group": "Error 4xx",            "type": "Object",            "optional": false,            "field": "400",            "description": "<p>Some parameters may contain invalid values.</p>"          },          {            "group": "Error 4xx",            "optional": false,            "field": "404",            "description": "<p>Skill not found.</p>"          },          {            "group": "Error 4xx",            "optional": false,            "field": "401",            "description": "<p>admin access only.</p>"          }        ]      }    },    "version": "0.0.0",    "filename": "src/api/skill/index.js",    "groupTitle": "Skills"  },  {    "type": "get",    "url": "/skills",    "title": "List Skills",    "name": "ListSkills",    "group": "Skills",    "success": {      "fields": {        "Success 200": [          {            "group": "Success 200",            "type": "Object",            "optional": false,            "field": "skill",            "description": "<p>Skill's data.</p>"          }        ]      }    },    "error": {      "fields": {        "Error 4xx": [          {            "group": "Error 4xx",            "type": "Object",            "optional": false,            "field": "400",            "description": "<p>Some parameters may contain invalid values.</p>"          },          {            "group": "Error 4xx",            "optional": false,            "field": "404",            "description": "<p>Skill not found.</p>"          },          {            "group": "Error 4xx",            "optional": false,            "field": "401",            "description": "<p>admin access only.</p>"          }        ]      }    },    "version": "0.0.0",    "filename": "src/api/skill/index.js",    "groupTitle": "Skills"  },  {    "type": "get",    "url": "/companies",    "title": "List Skills",    "name": "ListSkills",    "group": "Skills",    "success": {      "fields": {        "Success 200": [          {            "group": "Success 200",            "type": "Object",            "optional": false,            "field": "company",            "description": "<p>Skill's data.</p>"          }        ]      }    },    "error": {      "fields": {        "Error 4xx": [          {            "group": "Error 4xx",            "type": "Object",            "optional": false,            "field": "400",            "description": "<p>Some parameters may contain invalid values.</p>"          },          {            "group": "Error 4xx",            "optional": false,            "field": "404",            "description": "<p>Skill not found.</p>"          },          {            "group": "Error 4xx",            "optional": false,            "field": "401",            "description": "<p>admin access only.</p>"          }        ]      }    },    "version": "0.0.0",    "filename": "src/api/company/index.js",    "groupTitle": "Skills"  },  {    "type": "put",    "url": "/skills",    "title": "Update skill",    "name": "UpdateSkill",    "group": "Skills",    "permission": [      {        "name": "admin",        "title": "Admin access only",        "description": "<p>You must pass <code>access_token</code> parameter or a Bearer Token authorization header to access this endpoint.</p>"      }    ],    "success": {      "fields": {        "Success 200": [          {            "group": "Success 200",            "type": "Object",            "optional": false,            "field": "skill",            "description": "<p>Skill's data.</p>"          }        ]      }    },    "error": {      "fields": {        "Error 4xx": [          {            "group": "Error 4xx",            "type": "Object",            "optional": false,            "field": "400",            "description": "<p>Some parameters may contain invalid values.</p>"          },          {            "group": "Error 4xx",            "optional": false,            "field": "404",            "description": "<p>Skill not found.</p>"          },          {            "group": "Error 4xx",            "optional": false,            "field": "401",            "description": "<p>admin access only.</p>"          }        ]      }    },    "version": "0.0.0",    "filename": "src/api/skill/index.js",    "groupTitle": "Skills"  },  {    "type": "post",    "url": "/students",    "title": "Create student",    "name": "CreateStudent",    "group": "Students",    "permission": [      {        "name": "admin",        "title": "Admin access only",        "description": "<p>You must pass <code>access_token</code> parameter or a Bearer Token authorization header to access this endpoint.</p>"      }    ],    "success": {      "fields": {        "Success 200": [          {            "group": "Success 200",            "type": "Object",            "optional": false,            "field": "student",            "description": "<p>Student's data.</p>"          }        ]      }    },    "error": {      "fields": {        "Error 4xx": [          {            "group": "Error 4xx",            "type": "Object",            "optional": false,            "field": "400",            "description": "<p>Some parameters may contain invalid values.</p>"          },          {            "group": "Error 4xx",            "optional": false,            "field": "404",            "description": "<p>Student not found.</p>"          },          {            "group": "Error 4xx",            "optional": false,            "field": "401",            "description": "<p>admin access only.</p>"          }        ]      }    },    "version": "0.0.0",    "filename": "src/api/student/index.js",    "groupTitle": "Students"  },  {    "type": "delete",    "url": "/students",    "title": "Delete student",    "name": "DeleteStudent",    "group": "Students",    "permission": [      {        "name": "admin",        "title": "Admin access only",        "description": "<p>You must pass <code>access_token</code> parameter or a Bearer Token authorization header to access this endpoint.</p>"      }    ],    "parameter": {      "fields": {        "Parameter": [          {            "group": "Parameter",            "type": "String",            "optional": false,            "field": "workstudent",            "description": "<p>student's id.</p>"          },          {            "group": "Parameter",            "type": "String",            "optional": false,            "field": "access_token",            "description": "<p>admin access token.</p>"          },          {            "group": "Parameter",            "type": "String",            "optional": false,            "field": "name",            "description": "<p>Student's name.</p>"          }        ]      }    },    "success": {      "fields": {        "Success 200": [          {            "group": "Success 200",            "type": "Object",            "optional": false,            "field": "student",            "description": "<p>Student's data.</p>"          }        ]      }    },    "error": {      "fields": {        "Error 4xx": [          {            "group": "Error 4xx",            "type": "Object",            "optional": false,            "field": "400",            "description": "<p>Some parameters may contain invalid values.</p>"          },          {            "group": "Error 4xx",            "optional": false,            "field": "404",            "description": "<p>Student not found.</p>"          },          {            "group": "Error 4xx",            "optional": false,            "field": "401",            "description": "<p>admin access only.</p>"          }        ]      }    },    "version": "0.0.0",    "filename": "src/api/student/index.js",    "groupTitle": "Students"  },  {    "type": "get",    "url": "/students/:id",    "title": "Get Student by Id",    "name": "GetById",    "group": "Students",    "parameter": {      "fields": {        "Parameter": [          {            "group": "Parameter",            "type": "String",            "optional": false,            "field": "id",            "description": "<p>Student's id.</p>"          }        ]      }    },    "success": {      "fields": {        "Success 200": [          {            "group": "Success 200",            "type": "Object",            "optional": false,            "field": "student",            "description": "<p>Student's data.</p>"          }        ]      }    },    "error": {      "fields": {        "Error 4xx": [          {            "group": "Error 4xx",            "type": "Object",            "optional": false,            "field": "400",            "description": "<p>Some parameters may contain invalid values.</p>"          },          {            "group": "Error 4xx",            "optional": false,            "field": "404",            "description": "<p>Student not found.</p>"          },          {            "group": "Error 4xx",            "optional": false,            "field": "401",            "description": "<p>admin access only.</p>"          }        ]      }    },    "version": "0.0.0",    "filename": "src/api/student/index.js",    "groupTitle": "Students"  },  {    "type": "get",    "url": "/students",    "title": "List Students",    "name": "ListStudents",    "group": "Students",    "success": {      "fields": {        "Success 200": [          {            "group": "Success 200",            "type": "Object",            "optional": false,            "field": "student",            "description": "<p>Student's data.</p>"          }        ]      }    },    "error": {      "fields": {        "Error 4xx": [          {            "group": "Error 4xx",            "type": "Object",            "optional": false,            "field": "400",            "description": "<p>Some parameters may contain invalid values.</p>"          },          {            "group": "Error 4xx",            "optional": false,            "field": "404",            "description": "<p>Student not found.</p>"          },          {            "group": "Error 4xx",            "optional": false,            "field": "401",            "description": "<p>admin access only.</p>"          }        ]      }    },    "version": "0.0.0",    "filename": "src/api/student/index.js",    "groupTitle": "Students"  },  {    "type": "put",    "url": "/students",    "title": "Update student",    "name": "UpdateStudent",    "group": "Students",    "permission": [      {        "name": "admin",        "title": "Admin access only",        "description": "<p>You must pass <code>access_token</code> parameter or a Bearer Token authorization header to access this endpoint.</p>"      }    ],    "success": {      "fields": {        "Success 200": [          {            "group": "Success 200",            "type": "Object",            "optional": false,            "field": "student",            "description": "<p>Student's data.</p>"          }        ]      }    },    "error": {      "fields": {        "Error 4xx": [          {            "group": "Error 4xx",            "type": "Object",            "optional": false,            "field": "400",            "description": "<p>Some parameters may contain invalid values.</p>"          },          {            "group": "Error 4xx",            "optional": false,            "field": "404",            "description": "<p>Student not found.</p>"          },          {            "group": "Error 4xx",            "optional": false,            "field": "401",            "description": "<p>admin access only.</p>"          }        ]      }    },    "version": "0.0.0",    "filename": "src/api/student/index.js",    "groupTitle": "Students"  }]
