[  {    "type": "delete",    "url": "/users/:id",    "title": "Delete user",    "name": "DeleteUser",    "group": "User",    "permission": [      {        "name": "admin",        "title": "Admin access only",        "description": "<p>You must pass <code>access_token</code> parameter or a Bearer Token authorization header to access this endpoint.</p>"      }    ],    "parameter": {      "fields": {        "Parameter": [          {            "group": "Parameter",            "type": "String",            "optional": false,            "field": "access_token",            "description": "<p>User access_token.</p>"          }        ]      }    },    "success": {      "fields": {        "Success 204": [          {            "group": "Success 204",            "optional": false,            "field": "204",            "description": "<p>No Content.</p>"          }        ]      }    },    "error": {      "fields": {        "Error 4xx": [          {            "group": "Error 4xx",            "optional": false,            "field": "401",            "description": "<p>Admin access only.</p>"          },          {            "group": "Error 4xx",            "optional": false,            "field": "404",            "description": "<p>User not found.</p>"          }        ]      }    },    "version": "0.0.0",    "filename": "src/api/user/index.js",    "groupTitle": "User"  },  {    "type": "get",    "url": "/users/me",    "title": "Retrieve current user",    "name": "RetrieveCurrentUser",    "group": "User",    "permission": [      {        "name": "user",        "title": "User access only",        "description": "<p>You must pass <code>access_token</code> parameter or a Bearer Token authorization header to access this endpoint.</p>"      }    ],    "parameter": {      "fields": {        "Parameter": [          {            "group": "Parameter",            "type": "String",            "optional": false,            "field": "access_token",            "description": "<p>User access_token.</p>"          }        ]      }    },    "success": {      "fields": {        "Success 200": [          {            "group": "Success 200",            "type": "Object",            "optional": false,            "field": "user",            "description": "<p>User's data.</p>"          }        ]      }    },    "version": "0.0.0",    "filename": "src/api/user/index.js",    "groupTitle": "User"  },  {    "type": "get",    "url": "/users/:id",    "title": "Retrieve user",    "name": "RetrieveUser",    "group": "User",    "permission": [      {        "name": "public"      }    ],    "success": {      "fields": {        "Success 200": [          {            "group": "Success 200",            "type": "Object",            "optional": false,            "field": "user",            "description": "<p>User's data.</p>"          }        ]      }    },    "error": {      "fields": {        "Error 4xx": [          {            "group": "Error 4xx",            "optional": false,            "field": "404",            "description": "<p>User not found.</p>"          }        ]      }    },    "version": "0.0.0",    "filename": "src/api/user/index.js",    "groupTitle": "User"  },  {    "type": "get",    "url": "/users/:id",    "title": "Retrieve user",    "name": "RetrieveUser",    "group": "User",    "permission": [      {        "name": "public"      }    ],    "success": {      "fields": {        "Success 200": [          {            "group": "Success 200",            "type": "Object",            "optional": false,            "field": "user",            "description": "<p>User's data.</p>"          }        ]      }    },    "error": {      "fields": {        "Error 4xx": [          {            "group": "Error 4xx",            "optional": false,            "field": "404",            "description": "<p>User not found.</p>"          }        ]      }    },    "version": "0.0.0",    "filename": "src/api/user/index.js",    "groupTitle": "User"  },  {    "type": "get",    "url": "/users/:id/notify",    "title": "Retrieve user",    "name": "RetrieveUser",    "group": "User",    "permission": [      {        "name": "public"      }    ],    "success": {      "fields": {        "Success 200": [          {            "group": "Success 200",            "type": "Object",            "optional": false,            "field": "user",            "description": "<p>User's data.</p>"          }        ]      }    },    "error": {      "fields": {        "Error 4xx": [          {            "group": "Error 4xx",            "optional": false,            "field": "404",            "description": "<p>User not found.</p>"          }        ]      }    },    "version": "0.0.0",    "filename": "src/api/user/index.js",    "groupTitle": "User"  },  {    "type": "get",    "url": "/users",    "title": "Retrieve users",    "name": "RetrieveUsers",    "group": "User",    "permission": [      {        "name": "admin",        "title": "Admin access only",        "description": "<p>You must pass <code>access_token</code> parameter or a Bearer Token authorization header to access this endpoint.</p>"      }    ],    "parameter": {      "fields": {        "Parameter": [          {            "group": "Parameter",            "type": "String",            "optional": false,            "field": "access_token",            "description": "<p>User access_token.</p>"          },          {            "group": "Parameter",            "type": "String",            "optional": true,            "field": "q",            "description": "<p>Query to search.</p>"          },          {            "group": "Parameter",            "type": "Number",            "size": "1..30",            "optional": true,            "field": "page",            "defaultValue": "1",            "description": "<p>Page number.</p>"          },          {            "group": "Parameter",            "type": "Number",            "size": "1..100",            "optional": true,            "field": "limit",            "defaultValue": "30",            "description": "<p>Amount of returned items.</p>"          },          {            "group": "Parameter",            "type": "String[]",            "optional": true,            "field": "sort",            "defaultValue": "-createdAt",            "description": "<p>Order of returned items.</p>"          },          {            "group": "Parameter",            "type": "String[]",            "optional": true,            "field": "fields",            "description": "<p>Fields to be returned.</p>"          }        ]      }    },    "success": {      "fields": {        "Success 200": [          {            "group": "Success 200",            "type": "Object[]",            "optional": false,            "field": "users",            "description": "<p>List of users.</p>"          }        ]      }    },    "error": {      "fields": {        "Error 4xx": [          {            "group": "Error 4xx",            "type": "Object",            "optional": false,            "field": "400",            "description": "<p>Some parameters may contain invalid values.</p>"          },          {            "group": "Error 4xx",            "optional": false,            "field": "401",            "description": "<p>Admin access only.</p>"          }        ]      }    },    "version": "0.0.0",    "filename": "src/api/user/index.js",    "groupTitle": "User"  }]
